FID,geom,longitud,latitud,profundida,magnitud__,fecha,hora_utc,clasif
sis_igp_2017.1,POINT (-76.8416 -12.9721),-76.8416,-12.9721,45,4.4,01/01/2017,02:45:36,Superficial
sis_igp_2017.2,POINT (-76.4678 -4.9249),-76.4678,-4.9249,118,5.8,02/01/2017,13:13:47,Intermedio
sis_igp_2017.3,POINT (-70.6282 -19.5521),-70.6282,-19.5521,7,5.2,03/01/2017,13:41:54,Superficial
sis_igp_2017.4,POINT (-76.4272 -13.4277),-76.4272,-13.4277,58,4.2,04/01/2017,08:28:38,Superficial
sis_igp_2017.5,POINT (-71.8568 -15.7061),-71.8568,-15.7061,15,3.7,05/01/2017,11:44:17,Superficial
sis_igp_2017.6,POINT (-78.579 -11.4853),-78.579,-11.4853,36,5,06/01/2017,22:55:27,Superficial
sis_igp_2017.7,POINT (-75.4573 -14.744),-75.4573,-14.744,23,4.2,07/01/2017,07:28:38,Superficial
sis_igp_2017.8,POINT (-80.6705 -2.9711),-80.6705,-2.9711,44,4.4,07/01/2017,09:11:52,Superficial
sis_igp_2017.9,POINT (-75.5128 -7.7498),-75.5128,-7.7498,138,5,07/01/2017,16:04:51,Intermedio
sis_igp_2017.10,POINT (-75.595 -14.6598),-75.595,-14.6598,42,4.2,07/01/2017,19:33:10,Superficial
sis_igp_2017.11,POINT (-71.7809 -15.7678),-71.7809,-15.7678,10,3.2,09/01/2017,17:40:14,Superficial
sis_igp_2017.12,POINT (-71.8335 -15.7373),-71.8335,-15.7373,12,4.4,10/01/2017,04:53:53,Superficial
sis_igp_2017.13,POINT (-70.8396 -15.4332),-70.8396,-15.4332,6,3.9,10/01/2017,19:19:35,Superficial
sis_igp_2017.14,POINT (-74.2215 -15.9605),-74.2215,-15.9605,67,4.6,10/01/2017,20:45:53,Intermedio
sis_igp_2017.15,POINT (-74.2924 -16.1244),-74.2924,-16.1244,32,4.5,10/01/2017,21:15:49,Superficial
sis_igp_2017.16,POINT (-71.8679 -15.7327),-71.8679,-15.7327,6,4.2,12/01/2017,15:13:49,Superficial
sis_igp_2017.17,POINT (-79.0982 -9.969),-79.0982,-9.969,30,4.6,14/01/2017,08:16:22,Superficial
sis_igp_2017.18,POINT (-75.3072 -6.4984),-75.3072,-6.4984,39,4.5,15/01/2017,16:07:54,Superficial
sis_igp_2017.19,POINT (-71.8562 -15.6774),-71.8562,-15.6774,13,3.8,16/01/2017,03:57:30,Superficial
sis_igp_2017.20,POINT (-77.6385 -12.3367),-77.6385,-12.3367,21,4.5,17/01/2017,23:44:15,Superficial
sis_igp_2017.21,POINT (-70.363 -15.4927),-70.363,-15.4927,246,4.8,18/01/2017,08:03:23,Intermedio
sis_igp_2017.22,POINT (-72.5104 -16.0478),-72.5104,-16.0478,30,3.9,18/01/2017,19:32:30,Superficial
sis_igp_2017.23,POINT (-77.3089 -5.6078),-77.3089,-5.6078,13,4.2,20/01/2017,11:57:42,Superficial
sis_igp_2017.24,POINT (-80.6974 -3.7182),-80.6974,-3.7182,27,4.1,22/01/2017,01:04:54,Superficial
sis_igp_2017.25,POINT (-71.8319 -15.682),-71.8319,-15.682,12,3.5,22/01/2017,07:33:15,Superficial
sis_igp_2017.26,POINT (-71.8248 -15.6812),-71.8248,-15.6812,14,3.8,23/01/2017,02:46:04,Superficial
sis_igp_2017.27,POINT (-81.0451 -4.0605),-81.0451,-4.0605,30,3.8,23/01/2017,22:09:50,Superficial
sis_igp_2017.28,POINT (-70.7415 -16.8558),-70.7415,-16.8558,10,3.6,23/01/2017,23:14:34,Superficial
sis_igp_2017.29,POINT (-71.8131 -15.6791),-71.8131,-15.6791,7,3.7,26/01/2017,13:34:22,Superficial
sis_igp_2017.30,POINT (-71.7406 -15.73),-71.7406,-15.73,8,3.7,27/01/2017,19:23:46,Superficial
sis_igp_2017.31,POINT (-76.3863 -14.0856),-76.3863,-14.0856,58,5.2,27/01/2017,21:27:56,Superficial
sis_igp_2017.32,POINT (-71.8029 -15.6817),-71.8029,-15.6817,11,3.5,28/01/2017,00:56:34,Superficial
sis_igp_2017.33,POINT (-79.3025 -9.3488),-79.3025,-9.3488,30,5.5,28/01/2017,06:42:28,Superficial
sis_igp_2017.34,POINT (-76.5473 -14.5102),-76.5473,-14.5102,21,4.8,28/01/2017,11:39:38,Superficial
sis_igp_2017.35,POINT (-73.512 -16.5273),-73.512,-16.5273,10,4.3,28/01/2017,13:42:22,Superficial
sis_igp_2017.36,POINT (-79.2165 -9.2743),-79.2165,-9.2743,35,4.3,29/01/2017,04:41:43,Superficial
sis_igp_2017.37,POINT (-76.8694 -3.4598),-76.8694,-3.4598,37,5.2,31/01/2017,23:38:26,Superficial
sis_igp_2017.38,POINT (-70.2437 -15.6744),-70.2437,-15.6744,271,4.9,01/02/2017,10:35:46,Intermedio
sis_igp_2017.39,POINT (-76.7484 -11.1776),-76.7484,-11.1776,129,4.6,01/02/2017,11:38:27,Intermedio
sis_igp_2017.40,POINT (-77.6272 -11.8102),-77.6272,-11.8102,49,4.2,02/02/2017,04:39:48,Superficial
sis_igp_2017.41,POINT (-80.5571 -3.2484),-80.5571,-3.2484,52,4,02/02/2017,07:51:17,Superficial
sis_igp_2017.42,POINT (-77.4073 -12.8375),-77.4073,-12.8375,30,3.8,06/02/2017,03:30:31,Superficial
sis_igp_2017.43,POINT (-74.1674 -15.2183),-74.1674,-15.2183,105,4.8,09/02/2017,00:50:30,Intermedio
sis_igp_2017.44,POINT (-79.09 -9.0937),-79.09,-9.0937,43,4.8,09/02/2017,17:53:23,Superficial
sis_igp_2017.45,POINT (-77.1146 -14.4695),-77.1146,-14.4695,51,4.3,10/02/2017,11:57:05,Superficial
sis_igp_2017.46,POINT (-76.7837 -12.9946),-76.7837,-12.9946,52,4.2,10/02/2017,15:55:05,Superficial
sis_igp_2017.47,POINT (-76.337 -11.6735),-76.337,-11.6735,13,3.7,11/02/2017,18:23:07,Superficial
sis_igp_2017.48,POINT (-74.11 -16.2409),-74.11,-16.2409,11,4,11/02/2017,21:02:05,Superficial
sis_igp_2017.49,POINT (-73.272 -16.3149),-73.272,-16.3149,51,4,13/02/2017,15:38:56,Superficial
sis_igp_2017.50,POINT (-79.2418 -9.3699),-79.2418,-9.3699,38,4.2,16/02/2017,04:13:35,Superficial
sis_igp_2017.51,POINT (-75.6084 -14.6676),-75.6084,-14.6676,35,4.1,16/02/2017,10:18:05,Superficial
sis_igp_2017.52,POINT (-70.5808 -17.0233),-70.5808,-17.0233,24,3.7,19/02/2017,18:09:05,Superficial
sis_igp_2017.53,POINT (-75.4671 -10.6386),-75.4671,-10.6386,144,4.3,20/02/2017,03:50:23,Intermedio
sis_igp_2017.54,POINT (-74.9843 -5.1442),-74.9843,-5.1442,169,5.6,20/02/2017,07:45:09,Intermedio
sis_igp_2017.55,POINT (-72.6728 -16.725),-72.6728,-16.725,38,3.8,20/02/2017,22:46:25,Superficial
sis_igp_2017.56,POINT (-75.6978 -10.6967),-75.6978,-10.6967,17,4.3,23/02/2017,08:40:13,Superficial
sis_igp_2017.57,POINT (-71.6814 -15.9348),-71.6814,-15.9348,154,4.7,24/02/2017,03:11:41,Intermedio
sis_igp_2017.58,POINT (-80.8093 -6.4771),-80.8093,-6.4771,31,4.2,24/02/2017,06:10:11,Superficial
sis_igp_2017.59,POINT (-72.9007 -13.579),-72.9007,-13.579,93,3.9,25/02/2017,16:26:39,Intermedio
sis_igp_2017.60,POINT (-72.0321 -15.6854),-72.0321,-15.6854,13,4.1,27/02/2017,23:39:05,Superficial
sis_igp_2017.61,POINT (-74.4329 -8.2568),-74.4329,-8.2568,191,4.7,28/02/2017,04:56:25,Intermedio
sis_igp_2017.62,POINT (-75.2954 -14.2261),-75.2954,-14.2261,108,4.9,28/02/2017,08:09:29,Intermedio
sis_igp_2017.63,POINT (-77.4081 -12.0964),-77.4081,-12.0964,39,4.2,01/03/2017,09:10:47,Superficial
sis_igp_2017.64,POINT (-71.7527 -15.7326),-71.7527,-15.7326,10,3.6,02/03/2017,04:38:51,Superficial
sis_igp_2017.65,POINT (-70.5338 -13.6115),-70.5338,-13.6115,15,3.6,02/03/2017,19:18:44,Superficial
sis_igp_2017.66,POINT (-71.1925 -13.6089),-71.1925,-13.6089,20,3.7,04/03/2017,12:45:15,Superficial
sis_igp_2017.67,POINT (-72.0425 -15.708),-72.0425,-15.708,12,3.6,04/03/2017,17:02:50,Superficial
sis_igp_2017.68,POINT (-71.4937 -16.7286),-71.4937,-16.7286,24,3.5,05/03/2017,05:24:00,Superficial
sis_igp_2017.69,POINT (-76.636 -12.9777),-76.636,-12.9777,63,4.3,05/03/2017,20:36:03,Intermedio
sis_igp_2017.70,POINT (-71.6148 -16.7136),-71.6148,-16.7136,26,3.5,07/03/2017,03:58:59,Superficial
sis_igp_2017.71,POINT (-77.0158 -12.8071),-77.0158,-12.8071,47,4,07/03/2017,13:47:08,Superficial
sis_igp_2017.72,POINT (-75.2146 -11.8674),-75.2146,-11.8674,11,4.5,07/03/2017,15:37:01,Superficial
sis_igp_2017.73,POINT (-71.7084 -15.6633),-71.7084,-15.6633,11,3.9,08/03/2017,04:38:56,Superficial
sis_igp_2017.74,POINT (-71.5123 -15.3976),-71.5123,-15.3976,1,4.2,09/03/2017,00:51:46,Superficial
sis_igp_2017.75,POINT (-71.7741 -15.6675),-71.7741,-15.6675,13,3.6,09/03/2017,10:51:07,Superficial
sis_igp_2017.76,POINT (-71.155 -17.9643),-71.155,-17.9643,30,4.1,10/03/2017,22:28:52,Superficial
sis_igp_2017.77,POINT (-73.729 -16.2628),-73.729,-16.2628,26,4.3,11/03/2017,07:53:02,Superficial
sis_igp_2017.78,POINT (-72.7986 -16.5643),-72.7986,-16.5643,76,4.1,12/03/2017,21:19:02,Intermedio
sis_igp_2017.79,POINT (-76.967 -12.6313),-76.967,-12.6313,53,4.5,13/03/2017,15:46:00,Superficial
sis_igp_2017.80,POINT (-76.3246 -14.3463),-76.3246,-14.3463,21,4.4,14/03/2017,21:50:10,Superficial
sis_igp_2017.81,POINT (-76.3197 -14.3497),-76.3197,-14.3497,23,4,14/03/2017,22:29:56,Superficial
sis_igp_2017.82,POINT (-76.036 -9.5786),-76.036,-9.5786,12,4.2,15/03/2017,09:47:03,Superficial
sis_igp_2017.83,POINT (-76.5069 -3.9596),-76.5069,-3.9596,149,4.5,18/03/2017,11:43:31,Intermedio
sis_igp_2017.84,POINT (-77.6348 -11.7045),-77.6348,-11.7045,51,4.3,18/03/2017,20:20:46,Superficial
sis_igp_2017.85,POINT (-71.6107 -15.6552),-71.6107,-15.6552,8,3.8,20/03/2017,03:22:52,Superficial
sis_igp_2017.86,POINT (-71.778 -15.7856),-71.778,-15.7856,8,3.8,20/03/2017,12:58:44,Superficial
sis_igp_2017.87,POINT (-81.1816 -3.5874),-81.1816,-3.5874,47,4.7,21/03/2017,04:29:08,Superficial
sis_igp_2017.88,POINT (-80.9285 -4.8979),-80.9285,-4.8979,34,4.3,21/03/2017,21:09:06,Superficial
sis_igp_2017.89,POINT (-74.9497 -10.3681),-74.9497,-10.3681,17,4,23/03/2017,01:14:11,Superficial
sis_igp_2017.90,POINT (-75.4447 -13.5067),-75.4447,-13.5067,118,4.7,24/03/2017,04:34:13,Intermedio
sis_igp_2017.91,POINT (-81.1309 -3.9979),-81.1309,-3.9979,41,4.3,24/03/2017,10:37:20,Superficial
sis_igp_2017.92,POINT (-76.1663 -13.9854),-76.1663,-13.9854,70,4.2,25/03/2017,11:58:21,Intermedio
sis_igp_2017.93,POINT (-71.7114 -15.6476),-71.7114,-15.6476,10,3.9,26/03/2017,21:26:35,Superficial
sis_igp_2017.94,POINT (-73.9837 -14.4436),-73.9837,-14.4436,106,4.6,28/03/2017,00:35:13,Intermedio
sis_igp_2017.95,POINT (-75.9218 -3.1147),-75.9218,-3.1147,148,4.7,28/03/2017,11:15:29,Intermedio
sis_igp_2017.96,POINT (-75.126 -10.2613),-75.126,-10.2613,164,4.9,31/03/2017,01:45:50,Intermedio
sis_igp_2017.97,POINT (-76.7571 -12.9692),-76.7571,-12.9692,57,4.2,31/03/2017,02:07:18,Superficial
sis_igp_2017.98,POINT (-74.5933 -16.3114),-74.5933,-16.3114,26,4.7,31/03/2017,09:54:36,Superficial
sis_igp_2017.99,POINT (-75.0792 -10.1193),-75.0792,-10.1193,11,4,01/04/2017,11:11:08,Superficial
sis_igp_2017.100,POINT (-74.6558 -16.3359),-74.6558,-16.3359,31,4.4,01/04/2017,12:56:55,Superficial
sis_igp_2017.101,POINT (-74.6307 -16.353),-74.6307,-16.353,34,4.6,01/04/2017,14:07:30,Superficial
sis_igp_2017.102,POINT (-75.7392 -9.9585),-75.7392,-9.9585,9,4,02/04/2017,07:28:07,Superficial
sis_igp_2017.103,POINT (-73.7422 -14.359),-73.7422,-14.359,102,4.5,07/04/2017,02:43:00,Intermedio
sis_igp_2017.104,POINT (-75.8758 -3.8694),-75.8758,-3.8694,174,4.8,09/04/2017,14:04:06,Intermedio
sis_igp_2017.105,POINT (-76.2475 -6.0481),-76.2475,-6.0481,28,4.4,11/04/2017,04:52:05,Superficial
sis_igp_2017.106,POINT (-71.9478 -16.549),-71.9478,-16.549,14,3.6,13/04/2017,05:01:11,Superficial
sis_igp_2017.107,POINT (-70.585 -13.5606),-70.585,-13.5606,16,3.8,13/04/2017,09:24:47,Superficial
sis_igp_2017.108,POINT (-71.9049 -16.7523),-71.9049,-16.7523,36,4.1,13/04/2017,22:18:22,Superficial
sis_igp_2017.109,POINT (-75.4364 -2.7389),-75.4364,-2.7389,14,6.1,18/04/2017,17:49:55,Superficial
sis_igp_2017.110,POINT (-75.9243 -11.2468),-75.9243,-11.2468,6,4.7,19/04/2017,07:21:52,Superficial
sis_igp_2017.111,POINT (-71.958 -16.512),-71.958,-16.512,34,4.1,20/04/2017,08:26:33,Superficial
sis_igp_2017.112,POINT (-74.2768 -15.1134),-74.2768,-15.1134,112,4.3,21/04/2017,02:07:55,Intermedio
sis_igp_2017.113,POINT (-74.1921 -15.8388),-74.1921,-15.8388,85,4,25/04/2017,04:05:53,Intermedio
sis_igp_2017.114,POINT (-71.8956 -15.6922),-71.8956,-15.6922,11,5.2,30/04/2017,13:29:06,Superficial
sis_igp_2017.115,POINT (-71.8712 -15.6853),-71.8712,-15.6853,10,3.4,30/04/2017,14:07:15,Superficial
sis_igp_2017.116,POINT (-71.9557 -15.6987),-71.9557,-15.6987,12,4.5,30/04/2017,17:35:50,Superficial
sis_igp_2017.117,POINT (-71.8867 -15.6549),-71.8867,-15.6549,14,3.6,01/05/2017,02:33:21,Superficial
sis_igp_2017.118,POINT (-79.2129 -9.2201),-79.2129,-9.2201,53,4.6,01/05/2017,09:52:31,Superficial
sis_igp_2017.119,POINT (-71.9502 -15.6937),-71.9502,-15.6937,9,3.7,01/05/2017,10:57:16,Superficial
sis_igp_2017.120,POINT (-71.9549 -15.6231),-71.9549,-15.6231,0,4.2,02/05/2017,14:54:32,Superficial
sis_igp_2017.121,POINT (-71.7012 -15.6408),-71.7012,-15.6408,7,3.7,02/05/2017,21:02:14,Superficial
sis_igp_2017.122,POINT (-73.5387 -16.3282),-73.5387,-16.3282,31,5,03/05/2017,12:42:47,Superficial
sis_igp_2017.123,POINT (-71.9032 -15.6218),-71.9032,-15.6218,12,3.7,03/05/2017,16:13:10,Superficial
sis_igp_2017.124,POINT (-77.404 -12.2436),-77.404,-12.2436,32,4,04/05/2017,00:05:49,Superficial
sis_igp_2017.125,POINT (-74.4207 -8.5539),-74.4207,-8.5539,185,5.7,04/05/2017,02:28:57,Intermedio
sis_igp_2017.126,POINT (-73.6668 -16.8902),-73.6668,-16.8902,20,4.9,06/05/2017,19:52:13,Superficial
sis_igp_2017.127,POINT (-76.786 -8.0132),-76.786,-8.0132,30,5.3,08/05/2017,08:08:18,Superficial
sis_igp_2017.128,POINT (-75.1485 -15.7457),-75.1485,-15.7457,40,4.4,09/05/2017,01:51:32,Superficial
sis_igp_2017.129,POINT (-72.0934 -15.7527),-72.0934,-15.7527,14,3.6,09/05/2017,19:55:20,Superficial
sis_igp_2017.130,POINT (-77.4535 -12.0679),-77.4535,-12.0679,31,3.9,11/05/2017,15:32:47,Superficial
sis_igp_2017.131,POINT (-79.0263 -9.5061),-79.0263,-9.5061,51,4.3,15/05/2017,23:12:19,Superficial
sis_igp_2017.132,POINT (-76.6082 -9.4052),-76.6082,-9.4052,153,4.4,16/05/2017,05:25:24,Intermedio
sis_igp_2017.133,POINT (-73.5957 -14.5794),-73.5957,-14.5794,12,5.2,16/05/2017,17:09:06,Superficial
sis_igp_2017.134,POINT (-80.1216 -4.7974),-80.1216,-4.7974,90,4.8,21/05/2017,10:14:16,Intermedio
sis_igp_2017.135,POINT (-76.3313 -13.467),-76.3313,-13.467,62,4.3,21/05/2017,11:43:15,Intermedio
sis_igp_2017.136,POINT (-70.5383 -16.2286),-70.5383,-16.2286,8,4.3,22/05/2017,14:27:24,Superficial
sis_igp_2017.137,POINT (-70.539 -16.2356),-70.539,-16.2356,6,3.6,22/05/2017,16:01:42,Superficial
sis_igp_2017.138,POINT (-70.5146 -16.2403),-70.5146,-16.2403,8,3.6,23/05/2017,07:02:49,Superficial
sis_igp_2017.139,POINT (-70.5678 -16.2367),-70.5678,-16.2367,22,3.1,23/05/2017,20:56:20,Superficial
sis_igp_2017.140,POINT (-70.5682 -16.2424),-70.5682,-16.2424,8,3.8,24/05/2017,00:47:05,Superficial
sis_igp_2017.141,POINT (-70.5419 -16.2137),-70.5419,-16.2137,17,3.7,24/05/2017,01:12:11,Superficial
sis_igp_2017.142,POINT (-70.5171 -16.2173),-70.5171,-16.2173,9,3.4,25/05/2017,14:51:05,Superficial
sis_igp_2017.143,POINT (-70.5249 -16.2556),-70.5249,-16.2556,23,3.4,27/05/2017,01:32:22,Superficial
sis_igp_2017.144,POINT (-74.5063 -16.0018),-74.5063,-16.0018,30,4.6,01/06/2017,15:09:21,Superficial
sis_igp_2017.145,POINT (-73.5641 -14.5666),-73.5641,-14.5666,7,4,05/06/2017,08:10:34,Superficial
sis_igp_2017.146,POINT (-80.6432 -4.1623),-80.6432,-4.1623,52,6,05/06/2017,11:34:08,Superficial
sis_igp_2017.147,POINT (-70.5396 -16.2236),-70.5396,-16.2236,7,4,06/06/2017,14:20:05,Superficial
sis_igp_2017.148,POINT (-80.5658 -4.2235),-80.5658,-4.2235,41,4.2,06/06/2017,20:34:52,Superficial
sis_igp_2017.149,POINT (-70.559 -16.1912),-70.559,-16.1912,12,3.4,06/06/2017,22:08:14,Superficial
sis_igp_2017.150,POINT (-80.6336 -4.1816),-80.6336,-4.1816,47,4.4,08/06/2017,04:27:40,Superficial
sis_igp_2017.151,POINT (-75.9161 -8.0052),-75.9161,-8.0052,168,5.4,08/06/2017,14:01:08,Intermedio
sis_igp_2017.152,POINT (-78.9896 -9.6212),-78.9896,-9.6212,44,4.7,08/06/2017,21:24:40,Superficial
sis_igp_2017.153,POINT (-72.3996 -16.3805),-72.3996,-16.3805,92,4.4,15/06/2017,18:27:06,Intermedio
sis_igp_2017.154,POINT (-71.7272 -15.7284),-71.7272,-15.7284,9,3.2,20/06/2017,01:34:03,Superficial
sis_igp_2017.155,POINT (-76.1496 -12.4535),-76.1496,-12.4535,101,4.2,24/06/2017,00:00:14,Intermedio
sis_igp_2017.156,POINT (-73.6162 -15.6573),-73.6162,-15.6573,94,6,24/06/2017,16:09:11,Intermedio
sis_igp_2017.157,POINT (-80.1861 -4.5327),-80.1861,-4.5327,92,4.6,25/06/2017,03:03:40,Intermedio
sis_igp_2017.158,POINT (-80.9138 -4.9402),-80.9138,-4.9402,41,4.5,25/06/2017,07:46:05,Superficial
sis_igp_2017.159,POINT (-76.8355 -12.7834),-76.8355,-12.7834,52,4.1,28/06/2017,09:48:12,Superficial
sis_igp_2017.160,POINT (-77.2056 -5.6129),-77.2056,-5.6129,37,4.8,28/06/2017,17:29:27,Superficial
sis_igp_2017.161,POINT (-77.27 -12.0321),-77.27,-12.0321,63,3.3,29/06/2017,05:55:35,Intermedio
sis_igp_2017.162,POINT (-77.183 -12.646),-77.183,-12.646,28,4.4,30/06/2017,08:36:24,Superficial
sis_igp_2017.163,POINT (-74.6966 -10.6487),-74.6966,-10.6487,45,4.5,01/07/2017,16:56:44,Superficial
sis_igp_2017.164,POINT (-74.056 -15.7763),-74.056,-15.7763,66,4.6,04/07/2017,16:33:58,Intermedio
sis_igp_2017.165,POINT (-78.64 -10.38),-78.64,-10.38,42,4.3,05/07/2017,07:19:30,Superficial
sis_igp_2017.166,POINT (-76.8129 -12.5254),-76.8129,-12.5254,51,3.6,06/07/2017,04:18:17,Superficial
sis_igp_2017.167,POINT (-78.4995 -10.5946),-78.4995,-10.5946,48,4.5,06/07/2017,23:23:06,Superficial
sis_igp_2017.168,POINT (-74.3562 -9.0453),-74.3562,-9.0453,160,4.8,08/07/2017,04:51:57,Intermedio
sis_igp_2017.169,POINT (-77.566 -11.8245),-77.566,-11.8245,54,4.8,09/07/2017,01:07:24,Superficial
sis_igp_2017.170,POINT (-72.7315 -16.38),-72.7315,-16.38,86,4.2,09/07/2017,05:02:27,Intermedio
sis_igp_2017.171,POINT (-71.0631 -17.1759),-71.0631,-17.1759,15,3.5,10/07/2017,08:12:01,Superficial
sis_igp_2017.172,POINT (-81.0602 -4.8401),-81.0602,-4.8401,47,3.8,11/07/2017,03:04:08,Superficial
sis_igp_2017.173,POINT (-76.3914 -14.4628),-76.3914,-14.4628,16,4.2,13/07/2017,05:12:52,Superficial
sis_igp_2017.174,POINT (-73.5921 -14.552),-73.5921,-14.552,12,4.1,14/07/2017,01:03:44,Superficial
sis_igp_2017.175,POINT (-78.3772 -12.2195),-78.3772,-12.2195,27,4.4,14/07/2017,11:27:28,Superficial
sis_igp_2017.176,POINT (-77.051 -11.0377),-77.051,-11.0377,118,4.6,14/07/2017,17:41:46,Intermedio
sis_igp_2017.177,POINT (-76.0683 -13.929),-76.0683,-13.929,44,3.8,17/07/2017,06:07:17,Superficial
sis_igp_2017.178,POINT (-78.9447 -8.7639),-78.9447,-8.7639,75,4.4,17/07/2017,06:26:57,Intermedio
sis_igp_2017.179,POINT (-73.5101 -14.1132),-73.5101,-14.1132,10,3.8,18/07/2017,01:14:00,Superficial
sis_igp_2017.180,POINT (-73.9141 -16.6692),-73.9141,-16.6692,34,6.3,18/07/2017,02:05:16,Superficial
sis_igp_2017.181,POINT (-73.9987 -16.4289),-73.9987,-16.4289,28,4.4,18/07/2017,03:28:53,Superficial
sis_igp_2017.182,POINT (-73.4401 -14.5732),-73.4401,-14.5732,10,3.8,18/07/2017,05:13:58,Superficial
sis_igp_2017.183,POINT (-73.7502 -16.5874),-73.7502,-16.5874,30,4.3,18/07/2017,17:48:19,Superficial
sis_igp_2017.184,POINT (-76.7619 -13.4966),-76.7619,-13.4966,53,4.3,19/07/2017,01:38:05,Superficial
sis_igp_2017.185,POINT (-76.949 -6.0497),-76.949,-6.0497,28,4.7,19/07/2017,10:05:14,Superficial
sis_igp_2017.186,POINT (-73.6982 -16.5135),-73.6982,-16.5135,29,4.2,20/07/2017,00:38:37,Superficial
sis_igp_2017.187,POINT (-73.7621 -16.4989),-73.7621,-16.4989,30,4.2,20/07/2017,14:19:32,Superficial
sis_igp_2017.188,POINT (-73.655 -14.1355),-73.655,-14.1355,105,4.6,20/07/2017,16:56:28,Intermedio
sis_igp_2017.189,POINT (-76.2759 -13.9379),-76.2759,-13.9379,50,4.4,20/07/2017,21:00:18,Superficial
sis_igp_2017.190,POINT (-74.6045 -15.9756),-74.6045,-15.9756,67,5.5,21/07/2017,15:22:18,Intermedio
sis_igp_2017.191,POINT (-77.178 -13.0931),-77.178,-13.0931,46,3.9,24/07/2017,21:47:59,Superficial
sis_igp_2017.192,POINT (-77.7126 -6.4217),-77.7126,-6.4217,15,3.6,24/07/2017,23:58:20,Superficial
sis_igp_2017.193,POINT (-76.9206 -12.6041),-76.9206,-12.6041,61,3.9,25/07/2017,12:03:43,Intermedio
sis_igp_2017.194,POINT (-75.7697 -7.5547),-75.7697,-7.5547,125,5.2,26/07/2017,20:59:51,Intermedio
sis_igp_2017.195,POINT (-73.5854 -14.5584),-73.5854,-14.5584,10,4,31/07/2017,13:48:59,Superficial
sis_igp_2017.196,POINT (-70.5384 -16.0554),-70.5384,-16.0554,17,3.8,01/08/2017,04:32:18,Superficial
sis_igp_2017.197,POINT (-76.0429 -11.2981),-76.0429,-11.2981,10,3.8,02/08/2017,05:40:07,Superficial
sis_igp_2017.198,POINT (-71.8742 -15.7325),-71.8742,-15.7325,9,3.7,02/08/2017,08:25:21,Superficial
sis_igp_2017.199,POINT (-76.0634 -8.5988),-76.0634,-8.5988,9,4.6,02/08/2017,20:10:54,Superficial
sis_igp_2017.200,POINT (-75.1595 -10.7747),-75.1595,-10.7747,31,4.6,03/08/2017,07:35:55,Superficial
sis_igp_2017.201,POINT (-78.4109 -10.7016),-78.4109,-10.7016,39,4.8,03/08/2017,23:17:19,Superficial
sis_igp_2017.202,POINT (-76.853 -12.9964),-76.853,-12.9964,53,3.9,04/08/2017,06:59:39,Superficial
sis_igp_2017.203,POINT (-70.471 -16.8562),-70.471,-16.8562,18,3.9,04/08/2017,17:19:20,Superficial
sis_igp_2017.204,POINT (-72.8233 -15.3181),-72.8233,-15.3181,17,3.8,08/08/2017,11:31:51,Superficial
sis_igp_2017.205,POINT (-74.1948 -16.2952),-74.1948,-16.2952,32,4.3,10/08/2017,19:31:24,Superficial
sis_igp_2017.206,POINT (-81.1696 -5.4819),-81.1696,-5.4819,39,4.3,11/08/2017,20:17:52,Superficial
sis_igp_2017.207,POINT (-73.5614 -16.4387),-73.5614,-16.4387,30,6,11/08/2017,21:45:08,Superficial
sis_igp_2017.208,POINT (-75.6534 -8.8584),-75.6534,-8.8584,139,5.3,12/08/2017,02:45:48,Intermedio
sis_igp_2017.209,POINT (-76.4816 -13.7946),-76.4816,-13.7946,46,4.7,12/08/2017,06:30:43,Superficial
sis_igp_2017.210,POINT (-72.1727 -17.0004),-72.1727,-17.0004,59,3.9,12/08/2017,19:09:22,Superficial
sis_igp_2017.211,POINT (-73.6502 -14.5945),-73.6502,-14.5945,19,3.5,12/08/2017,21:18:07,Superficial
sis_igp_2017.212,POINT (-74.6959 -10.7489),-74.6959,-10.7489,37,6.1,13/08/2017,16:51:24,Superficial
sis_igp_2017.213,POINT (-72.4299 -17.027),-72.4299,-17.027,24,3.7,14/08/2017,03:08:37,Superficial
sis_igp_2017.214,POINT (-74.7095 -10.807),-74.7095,-10.807,27,4.1,14/08/2017,03:22:23,Superficial
sis_igp_2017.215,POINT (-75.3749 -10.8357),-75.3749,-10.8357,8,4.7,14/08/2017,06:25:12,Superficial
sis_igp_2017.216,POINT (-75.3701 -10.8527),-75.3701,-10.8527,6,4.4,14/08/2017,08:13:30,Superficial
sis_igp_2017.217,POINT (-76.5657 -13.3258),-76.5657,-13.3258,60,3.9,16/08/2017,10:29:51,Superficial
sis_igp_2017.218,POINT (-79.3261 -10.9758),-79.3261,-10.9758,31,5.1,19/08/2017,03:22:20,Superficial
sis_igp_2017.219,POINT (-75.8971 -13.8312),-75.8971,-13.8312,84,5.3,20/08/2017,17:42:14,Intermedio
sis_igp_2017.220,POINT (-71.8794 -16.3607),-71.8794,-16.3607,14,3.5,20/08/2017,21:51:21,Superficial
sis_igp_2017.221,POINT (-75.1962 -10.6482),-75.1962,-10.6482,37,3.9,20/08/2017,23:45:55,Superficial
sis_igp_2017.222,POINT (-76.984 -12.2172),-76.984,-12.2172,71,4,23/08/2017,00:48:44,Intermedio
sis_igp_2017.223,POINT (-74.1347 -15.3631),-74.1347,-15.3631,88,5,23/08/2017,11:57:26,Intermedio
sis_igp_2017.224,POINT (-81.109 -6.5028),-81.109,-6.5028,11,4.4,24/08/2017,09:24:47,Superficial
sis_igp_2017.225,POINT (-71.8772 -15.6723),-71.8772,-15.6723,4,4.3,24/08/2017,20:03:50,Superficial
sis_igp_2017.226,POINT (-69.951 -17.6435),-69.951,-17.6435,8,3.6,28/08/2017,04:41:13,Superficial
sis_igp_2017.227,POINT (-70.3597 -13.5134),-70.3597,-13.5134,8,5.2,28/08/2017,07:20:57,Superficial
sis_igp_2017.228,POINT (-76.8983 -9.3304),-76.8983,-9.3304,139,4.2,02/09/2017,15:29:04,Intermedio
sis_igp_2017.229,POINT (-76.8841 -12.1926),-76.8841,-12.1926,56,3.8,03/09/2017,15:14:01,Superficial
sis_igp_2017.230,POINT (-78.6144 -8.9426),-78.6144,-8.9426,91,4.7,04/09/2017,11:56:13,Intermedio
sis_igp_2017.231,POINT (-70.3795 -19.3932),-70.3795,-19.3932,66,5.3,04/09/2017,21:55:18,Intermedio
sis_igp_2017.232,POINT (-70.6379 -16.7826),-70.6379,-16.7826,10,3.6,05/09/2017,08:20:10,Superficial
sis_igp_2017.233,POINT (-79.6519 -4.5443),-79.6519,-4.5443,25,4,11/09/2017,01:42:07,Superficial
sis_igp_2017.234,POINT (-76.662 -12.4214),-76.662,-12.4214,92,4.1,11/09/2017,12:24:48,Intermedio
sis_igp_2017.235,POINT (-72.1606 -15.6458),-72.1606,-15.6458,12,3.5,13/09/2017,16:36:41,Superficial
sis_igp_2017.236,POINT (-76.3349 -11.9032),-76.3349,-11.9032,11,4.8,14/09/2017,08:19:23,Superficial
sis_igp_2017.237,POINT (-76.3283 -11.9026),-76.3283,-11.9026,13,4.1,14/09/2017,08:24:49,Superficial
sis_igp_2017.238,POINT (-76.3331 -11.8994),-76.3331,-11.8994,10,4,14/09/2017,08:26:46,Superficial
sis_igp_2017.239,POINT (-76.3276 -11.9037),-76.3276,-11.9037,12,3.5,14/09/2017,09:53:28,Superficial
sis_igp_2017.240,POINT (-76.3156 -11.8896),-76.3156,-11.8896,16,3.4,14/09/2017,12:21:21,Superficial
sis_igp_2017.241,POINT (-76.3469 -11.8563),-76.3469,-11.8563,10,3.3,14/09/2017,12:22:23,Superficial
sis_igp_2017.242,POINT (-76.3229 -11.8898),-76.3229,-11.8898,13,3.3,14/09/2017,16:05:08,Superficial
sis_igp_2017.243,POINT (-76.3277 -11.8977),-76.3277,-11.8977,17,3.5,14/09/2017,18:22:55,Superficial
sis_igp_2017.244,POINT (-76.3192 -11.8985),-76.3192,-11.8985,14,3.5,14/09/2017,19:37:02,Superficial
sis_igp_2017.245,POINT (-76.3295 -11.8977),-76.3295,-11.8977,12,3.4,15/09/2017,02:45:53,Superficial
sis_igp_2017.246,POINT (-76.3204 -11.8844),-76.3204,-11.8844,12,4,15/09/2017,03:48:08,Superficial
sis_igp_2017.247,POINT (-76.3013 -11.8505),-76.3013,-11.8505,11,3.6,15/09/2017,03:54:42,Superficial
sis_igp_2017.248,POINT (-76.3237 -11.8984),-76.3237,-11.8984,12,4.3,15/09/2017,04:10:36,Superficial
sis_igp_2017.249,POINT (-76.3346 -11.9118),-76.3346,-11.9118,14,3.8,15/09/2017,05:09:47,Superficial
sis_igp_2017.250,POINT (-76.3313 -11.9149),-76.3313,-11.9149,10,3.5,15/09/2017,10:05:22,Superficial
sis_igp_2017.251,POINT (-78.6216 -10.291),-78.6216,-10.291,46,4.3,15/09/2017,11:07:54,Superficial
sis_igp_2017.252,POINT (-75.9807 -11.4111),-75.9807,-11.4111,105,4.3,18/09/2017,06:10:49,Intermedio
sis_igp_2017.253,POINT (-73.5939 -14.5892),-73.5939,-14.5892,6,3.1,18/09/2017,21:45:02,Superficial
sis_igp_2017.254,POINT (-73.5312 -14.5385),-73.5312,-14.5385,7,3.4,19/09/2017,12:05:08,Superficial
sis_igp_2017.255,POINT (-71.7373 -15.6317),-71.7373,-15.6317,8,3.5,20/09/2017,03:15:43,Superficial
sis_igp_2017.256,POINT (-71.4803 -16.4374),-71.4803,-16.4374,137,5.3,20/09/2017,05:26:09,Intermedio
sis_igp_2017.257,POINT (-71.8086 -15.7402),-71.8086,-15.7402,11,3.4,20/09/2017,08:07:48,Superficial
sis_igp_2017.258,POINT (-69.9801 -18.2485),-69.9801,-18.2485,110,4.6,20/09/2017,17:51:41,Intermedio
sis_igp_2017.259,POINT (-76.3256 -11.906),-76.3256,-11.906,17,3.3,21/09/2017,05:45:10,Superficial
sis_igp_2017.260,POINT (-76.3219 -11.8731),-76.3219,-11.8731,14,3.4,23/09/2017,05:42:16,Superficial
sis_igp_2017.261,POINT (-72.0086 -15.7915),-72.0086,-15.7915,13,3.6,23/09/2017,10:27:25,Superficial
sis_igp_2017.262,POINT (-73.6198 -14.7427),-73.6198,-14.7427,10,3.9,24/09/2017,01:10:00,Superficial
sis_igp_2017.263,POINT (-75.7126 -14.5295),-75.7126,-14.5295,36,4.6,24/09/2017,06:39:38,Superficial
sis_igp_2017.264,POINT (-74.7787 -11.3181),-74.7787,-11.3181,13,4,25/09/2017,01:14:49,Superficial
sis_igp_2017.265,POINT (-76.3283 -11.9196),-76.3283,-11.9196,17,3.5,25/09/2017,06:33:25,Superficial
sis_igp_2017.266,POINT (-77.7042 -11.9768),-77.7042,-11.9768,19,4.1,26/09/2017,00:54:13,Superficial
sis_igp_2017.267,POINT (-77.3272 -5.9521),-77.3272,-5.9521,17,4.6,26/09/2017,08:33:24,Superficial
sis_igp_2017.268,POINT (-74.9236 -13.2931),-74.9236,-13.2931,86,4.3,26/09/2017,09:03:52,Intermedio
sis_igp_2017.269,POINT (-77.3724 -5.9296),-77.3724,-5.9296,19,4,27/09/2017,02:27:40,Superficial
sis_igp_2017.270,POINT (-77.3663 -5.9378),-77.3663,-5.9378,19,4.2,27/09/2017,10:51:16,Superficial
sis_igp_2017.271,POINT (-73.9821 -10.835),-73.9821,-10.835,117,4.7,27/09/2017,20:58:22,Intermedio
sis_igp_2017.272,POINT (-75.3238 -11.1314),-75.3238,-11.1314,16,3.8,27/09/2017,22:12:13,Superficial
sis_igp_2017.273,POINT (-73.5522 -14.5429),-73.5522,-14.5429,13,3.4,28/09/2017,01:26:55,Superficial
sis_igp_2017.274,POINT (-76.3455 -11.8854),-76.3455,-11.8854,13,3.5,29/09/2017,22:59:59,Superficial
sis_igp_2017.275,POINT (-76.3257 -11.9203),-76.3257,-11.9203,17,3.5,30/09/2017,20:22:20,Superficial
sis_igp_2017.276,POINT (-76.3205 -11.8881),-76.3205,-11.8881,17,3.7,02/10/2017,21:57:03,Superficial
sis_igp_2017.277,POINT (-73.5755 -14.5879),-73.5755,-14.5879,10,3.5,05/10/2017,02:14:12,Superficial
sis_igp_2017.278,POINT (-80.8156 -4.2772),-80.8156,-4.2772,47,4.7,06/10/2017,15:32:08,Superficial
sis_igp_2017.279,POINT (-75.4905 -9.6382),-75.4905,-9.6382,118,4.4,08/10/2017,21:33:20,Intermedio
sis_igp_2017.280,POINT (-70.9215 -17.3019),-70.9215,-17.3019,16,3.6,09/10/2017,00:51:58,Superficial
sis_igp_2017.281,POINT (-77.329 -12.3219),-77.329,-12.3219,42,3.5,09/10/2017,05:51:04,Superficial
sis_igp_2017.282,POINT (-69.9668 -18.7025),-69.9668,-18.7025,92,6.3,10/10/2017,06:32:22,Intermedio
sis_igp_2017.283,POINT (-69.9521 -18.6825),-69.9521,-18.6825,92,4.8,10/10/2017,07:04:46,Intermedio
sis_igp_2017.284,POINT (-73.5505 -14.5357),-73.5505,-14.5357,14,3.5,11/10/2017,10:16:38,Superficial
sis_igp_2017.285,POINT (-77.0019 -12.6869),-77.0019,-12.6869,52,4,13/10/2017,10:05:41,Superficial
sis_igp_2017.286,POINT (-73.5767 -14.5562),-73.5767,-14.5562,14,3.7,13/10/2017,18:11:08,Superficial
sis_igp_2017.287,POINT (-73.5173 -14.5478),-73.5173,-14.5478,13,3.5,14/10/2017,06:16:10,Superficial
sis_igp_2017.288,POINT (-76.3457 -11.9106),-76.3457,-11.9106,22,4.3,14/10/2017,19:36:04,Superficial
sis_igp_2017.289,POINT (-76.3341 -11.9119),-76.3341,-11.9119,19,3.5,15/10/2017,09:49:33,Superficial
sis_igp_2017.290,POINT (-80.2975 -5.4798),-80.2975,-5.4798,58,4,19/10/2017,03:21:46,Superficial
sis_igp_2017.291,POINT (-72.5647 -16.6558),-72.5647,-16.6558,45,3.6,19/10/2017,15:23:38,Superficial
sis_igp_2017.292,POINT (-73.5527 -14.5783),-73.5527,-14.5783,14,3.6,19/10/2017,21:04:14,Superficial
sis_igp_2017.293,POINT (-73.5613 -16.5851),-73.5613,-16.5851,16,4.3,21/10/2017,21:38:27,Superficial
sis_igp_2017.294,POINT (-79.3 -9.1377),-79.3,-9.1377,47,4.4,22/10/2017,00:09:17,Superficial
sis_igp_2017.295,POINT (-74.143 -15.329),-74.143,-15.329,116,4.9,22/10/2017,01:37:06,Intermedio
sis_igp_2017.296,POINT (-75.715 -5.3851),-75.715,-5.3851,50,4.5,22/10/2017,07:48:07,Superficial
sis_igp_2017.297,POINT (-77.4528 -12.4138),-77.4528,-12.4138,34,4.7,23/10/2017,00:09:11,Superficial
sis_igp_2017.298,POINT (-73.5423 -14.5761),-73.5423,-14.5761,7,3.4,23/10/2017,09:20:58,Superficial
sis_igp_2017.299,POINT (-70.4029 -17.7335),-70.4029,-17.7335,43,3.8,24/10/2017,16:12:36,Superficial
sis_igp_2017.300,POINT (-70.4029 -17.7335),-70.4029,-17.7335,34,4.3,24/10/2017,20:59:46,Superficial
sis_igp_2017.301,POINT (-77.0338 -12.0343),-77.0338,-12.0343,90,3.6,25/10/2017,07:58:51,Intermedio
sis_igp_2017.302,POINT (-80.7826 -4.021),-80.7826,-4.021,30,4.3,26/10/2017,13:57:04,Superficial
sis_igp_2017.303,POINT (-80.2262 -8.4743),-80.2262,-8.4743,35,4.7,27/10/2017,03:48:24,Superficial
sis_igp_2017.304,POINT (-73.4608 -16.4234),-73.4608,-16.4234,27,4.6,29/10/2017,05:29:59,Superficial
sis_igp_2017.305,POINT (-74.8145 -10.8073),-74.8145,-10.8073,112,5.6,30/10/2017,17:12:07,Intermedio
sis_igp_2017.306,POINT (-73.6046 -14.5457),-73.6046,-14.5457,6,3.3,30/10/2017,22:25:39,Superficial
sis_igp_2017.307,POINT (-76.335 -11.8978),-76.335,-11.8978,10,3.4,30/10/2017,22:53:06,Superficial
sis_igp_2017.308,POINT (-77.6322 -11.8017),-77.6322,-11.8017,47,4.3,01/11/2017,03:36:03,Superficial
sis_igp_2017.309,POINT (-75.709 -8.5813),-75.709,-8.5813,14,4.1,01/11/2017,04:27:49,Superficial
sis_igp_2017.310,POINT (-78.1243 -11.1948),-78.1243,-11.1948,47,4.1,01/11/2017,14:19:49,Superficial
sis_igp_2017.311,POINT (-76.3839 -11.9416),-76.3839,-11.9416,23,3.9,02/11/2017,00:07:48,Superficial
sis_igp_2017.312,POINT (-71.8577 -15.6774),-71.8577,-15.6774,10,3.1,02/11/2017,02:46:04,Superficial
sis_igp_2017.313,POINT (-74.1825 -16.0671),-74.1825,-16.0671,10,3.5,03/11/2017,05:32:30,Superficial
sis_igp_2017.314,POINT (-74.3117 -8.61),-74.3117,-8.61,155,5.1,05/11/2017,22:49:34,Intermedio
sis_igp_2017.315,POINT (-75.3966 -14.9442),-75.3966,-14.9442,63,4.4,08/11/2017,08:48:31,Intermedio
sis_igp_2017.316,POINT (-77.0244 -13.5202),-77.0244,-13.5202,48,4.7,08/11/2017,20:13:12,Superficial
sis_igp_2017.317,POINT (-71.3603 -17.3141),-71.3603,-17.3141,21,3.7,09/11/2017,04:42:05,Superficial
sis_igp_2017.318,POINT (-76.1899 -13.6057),-76.1899,-13.6057,53,3.8,09/11/2017,23:49:33,Superficial
sis_igp_2017.319,POINT (-72.1133 -16.2467),-72.1133,-16.2467,118,4.2,12/11/2017,12:10:31,Intermedio
sis_igp_2017.320,POINT (-76.363 -11.9126),-76.363,-11.9126,15,3.6,14/11/2017,06:07:46,Superficial
sis_igp_2017.321,POINT (-75.5676 -14.5779),-75.5676,-14.5779,42,4.4,15/11/2017,00:58:11,Superficial
sis_igp_2017.322,POINT (-80.961 -7.2431),-80.961,-7.2431,29,4.7,16/11/2017,00:33:16,Superficial
sis_igp_2017.323,POINT (-76.3798 -11.9347),-76.3798,-11.9347,24,3.8,17/11/2017,10:02:13,Superficial
sis_igp_2017.324,POINT (-80.0122 -2.4371),-80.0122,-2.4371,75,5.4,17/11/2017,13:40:41,Intermedio
sis_igp_2017.325,POINT (-79.621 -2.9936),-79.621,-2.9936,35,5.5,18/11/2017,04:23:44,Superficial
sis_igp_2017.326,POINT (-80.8244 -4.2736),-80.8244,-4.2736,29,4.5,19/11/2017,03:35:45,Superficial
sis_igp_2017.327,POINT (-71.6198 -15.6427),-71.6198,-15.6427,8,3.6,19/11/2017,17:33:30,Superficial
sis_igp_2017.328,POINT (-76.3462 -11.8983),-76.3462,-11.8983,13,3.5,21/11/2017,02:19:45,Superficial
sis_igp_2017.329,POINT (-77.1616 -12.541),-77.1616,-12.541,37,3.7,23/11/2017,08:26:09,Superficial
sis_igp_2017.330,POINT (-75.8471 -14.4626),-75.8471,-14.4626,45,4,24/11/2017,04:40:39,Superficial
sis_igp_2017.331,POINT (-77.6307 -12.0739),-77.6307,-12.0739,41,4.1,24/11/2017,07:24:25,Superficial
sis_igp_2017.332,POINT (-74.5932 -8.7397),-74.5932,-8.7397,156,5.1,24/11/2017,14:04:56,Intermedio
sis_igp_2017.333,POINT (-76.2506 -12.1577),-76.2506,-12.1577,110,4.7,24/11/2017,16:15:51,Intermedio
sis_igp_2017.334,POINT (-76.2096 -13.5958),-76.2096,-13.5958,34,4,26/11/2017,22:19:02,Superficial
sis_igp_2017.335,POINT (-73.5814 -14.5735),-73.5814,-14.5735,6,3.6,27/11/2017,00:42:20,Superficial
sis_igp_2017.336,POINT (-76.3724 -14.5773),-76.3724,-14.5773,12,5.6,29/11/2017,06:29:03,Superficial
sis_igp_2017.337,POINT (-73.5369 -14.5556),-73.5369,-14.5556,7,3.3,29/11/2017,08:11:30,Superficial
sis_igp_2017.338,POINT (-76.3439 -14.5458),-76.3439,-14.5458,10,4.5,29/11/2017,14:28:15,Superficial
sis_igp_2017.339,POINT (-80.7566 -5.5555),-80.7566,-5.5555,33,3.9,29/11/2017,21:16:44,Superficial
sis_igp_2017.340,POINT (-77.5594 -9.5125),-77.5594,-9.5125,8,3.6,29/11/2017,21:23:29,Superficial
sis_igp_2017.341,POINT (-75.7068 -15.3981),-75.7068,-15.3981,47,4.6,03/12/2017,07:51:26,Superficial
sis_igp_2017.342,POINT (-80.231 -4.3129),-80.231,-4.3129,28,4.7,07/12/2017,02:37:43,Superficial
sis_igp_2017.343,POINT (-79.263 -8.4329),-79.263,-8.4329,58,3.9,08/12/2017,05:42:52,Superficial
sis_igp_2017.344,POINT (-72.8885 -15.9106),-72.8885,-15.9106,15,3.9,10/12/2017,13:03:17,Superficial
sis_igp_2017.345,POINT (-70.8465 -18.1743),-70.8465,-18.1743,24,3.8,11/12/2017,05:45:38,Superficial
sis_igp_2017.346,POINT (-73.0487 -16.5622),-73.0487,-16.5622,44,3.8,12/12/2017,23:30:23,Superficial
sis_igp_2017.347,POINT (-75.8804 -9.0768),-75.8804,-9.0768,13,4.8,15/12/2017,11:10:55,Superficial
sis_igp_2017.348,POINT (-72.0526 -16.4092),-72.0526,-16.4092,32,3.8,20/12/2017,10:39:34,Superficial
sis_igp_2017.349,POINT (-76.0274 -11.1861),-76.0274,-11.1861,14,3.7,20/12/2017,13:31:54,Superficial
sis_igp_2017.350,POINT (-74.4806 -14.2797),-74.4806,-14.2797,96,4.8,24/12/2017,19:33:21,Intermedio
sis_igp_2017.351,POINT (-77.8182 -11.3628),-77.8182,-11.3628,61,4.1,24/12/2017,02:17:11,Intermedio
sis_igp_2017.352,POINT (-69.5905 -17.6806),-69.5905,-17.6806,160,4.8,26/12/2017,15:26:11,Intermedio
sis_igp_2017.353,POINT (-79.6627 -5.7972),-79.6627,-5.7972,108,4.8,26/12/2017,18:47:32,Intermedio
sis_igp_2017.354,POINT (-74.4601 -13.0981),-74.4601,-13.0981,73,4.7,27/12/2017,07:14:48,Intermedio
sis_igp_2017.355,POINT (-69.8293 -19.3966),-69.8293,-19.3966,138,5.3,30/12/2017,08:20:49,Intermedio
